mag_id,domain,phylum,class,order,family,genus,species,classification,sample_id,completeness,contamination
spire_mag_01923450,Bacteria,Firmicutes,Bacilli,Lactobacillales,Streptococcaceae,Streptococcus,Streptococcus pasteurianus,d__Bacteria;p__Firmicutes;c__Bacilli;o__Lactobacillales;f__Streptococcaceae;g__Streptococcus;s__Streptococcus pasteurianus,SAMEA3360666,52.67,0.02
spire_mag_01923452,Bacteria,Bacteroidota,Bacteroidia,Bacteroidales,Bacteroidaceae,Prevotella,,d__Bacteria;p__Bacteroidota;c__Bacteroidia;o__Bacteroidales;f__Bacteroidaceae;g__Prevotella;s__,SAMEA3360684,50.35,0.0
spire_mag_01923464,Bacteria,Firmicutes_A,Clostridia,Oscillospirales,Ruminococcaceae,Faecalibacterium,Faecalibacterium prausnitzii_G,d__Bacteria;p__Firmicutes_A;c__Clostridia;o__Oscillospirales;f__Ruminococcaceae;g__Faecalibacterium;s__Faecalibacterium prausnitzii_G,SAMEA3360675,83.84,0.28
spire_mag_01923466,Bacteria,Proteobacteria,Gammaproteobacteria,Burkholderiales,Burkholderiaceae,Sutterella,Sutterella wadsworthensis,d__Bacteria;p__Proteobacteria;c__Gammaproteobacteria;o__Burkholderiales;f__Burkholderiaceae;g__Sutterella;s__Sutterella wadsworthensis,SAMEA3360675,52.84,0.24
spire_mag_01923467,Bacteria,Proteobacteria,Gammaproteobacteria,Enterobacterales,Enterobacteriaceae,Escherichia,Escherichia coli,d__Bacteria;p__Proteobacteria;c__Gammaproteobacteria;o__Enterobacterales;f__Enterobacteriaceae;g__Escherichia;s__Escherichia coli,SAMEA3360675,96.08,0.31
spire_mag_01923475,Bacteria,Firmicutes_C,Negativicutes,Veillonellales,Veillonellaceae,Veillonella,Veillonella sp900538355,d__Bacteria;p__Firmicutes_C;c__Negativicutes;o__Veillonellales;f__Veillonellaceae;g__Veillonella;s__Veillonella sp900538355,SAMEA3360657,99.99,0.28
spire_mag_01923476,Bacteria,Firmicutes,Bacilli,Lactobacillales,Streptococcaceae,Streptococcus,Streptococcus lutetiensis,d__Bacteria;p__Firmicutes;c__Bacilli;o__Lactobacillales;f__Streptococcaceae;g__Streptococcus;s__Streptococcus lutetiensis,SAMEA3360657,88.16,1.16
spire_mag_01923478,Bacteria,Proteobacteria,Gammaproteobacteria,Enterobacterales,Enterobacteriaceae,Escherichia,Escherichia coli,d__Bacteria;p__Proteobacteria;c__Gammaproteobacteria;o__Enterobacterales;f__Enterobacteriaceae;g__Escherichia;s__Escherichia coli,SAMEA3360657,68.56,0.09
spire_mag_01923479,Bacteria,Bacteroidota,Bacteroidia,Bacteroidales,Bacteroidaceae,Prevotella,Prevotella sp015074785,d__Bacteria;p__Bacteroidota;c__Bacteroidia;o__Bacteroidales;f__Bacteroidaceae;g__Prevotella;s__Prevotella sp015074785,SAMEA3360703,75.06,0.14
spire_mag_01923481,Bacteria,Bacteroidota,Bacteroidia,Bacteroidales,Bacteroidaceae,Prevotella,Prevotella hominis,d__Bacteria;p__Bacteroidota;c__Bacteroidia;o__Bacteroidales;f__Bacteroidaceae;g__Prevotella;s__Prevotella hominis,SAMEA3360688,94.18,3.31
spire_mag_01923482,Bacteria,Bacteroidota,Bacteroidia,Bacteroidales,Bacteroidaceae,Prevotella,Prevotella disiens,d__Bacteria;p__Bacteroidota;c__Bacteroidia;o__Bacteroidales;f__Bacteroidaceae;g__Prevotella;s__Prevotella disiens,SAMEA3360688,82.85,0.28
spire_mag_01923483,Bacteria,Campylobacterota,Campylobacteria,Campylobacterales,Campylobacteraceae,Campylobacter_B,Campylobacter_B hominis,d__Bacteria;p__Campylobacterota;c__Campylobacteria;o__Campylobacterales;f__Campylobacteraceae;g__Campylobacter_B;s__Campylobacter_B hominis,SAMEA3360688,99.38,0.04
spire_mag_01923484,Bacteria,Firmicutes_A,Clostridia,Tissierellales,Peptoniphilaceae,Ezakiella,Ezakiella sp900540185,d__Bacteria;p__Firmicutes_A;c__Clostridia;o__Tissierellales;f__Peptoniphilaceae;g__Ezakiella;s__Ezakiella sp900540185,SAMEA3360688,87.51,2.54
spire_mag_01923485,Bacteria,Firmicutes_A,Clostridia,Tissierellales,Peptoniphilaceae,Fenollaria,Fenollaria timonensis,d__Bacteria;p__Firmicutes_A;c__Clostridia;o__Tissierellales;f__Peptoniphilaceae;g__Fenollaria;s__Fenollaria timonensis,SAMEA3360688,98.67,1.57
spire_mag_01923487,Bacteria,Bacteroidota,Bacteroidia,Bacteroidales,Bacteroidaceae,Prevotella,Prevotella sp900547085,d__Bacteria;p__Bacteroidota;c__Bacteroidia;o__Bacteroidales;f__Bacteroidaceae;g__Prevotella;s__Prevotella sp900547085,SAMEA3360688,96.16,0.4
spire_mag_01923488,Bacteria,Bacteroidota,Bacteroidia,Bacteroidales,Porphyromonadaceae,Porphyromonas,Porphyromonas uenonis,d__Bacteria;p__Bacteroidota;c__Bacteroidia;o__Bacteroidales;f__Porphyromonadaceae;g__Porphyromonas;s__Porphyromonas uenonis,SAMEA3360688,71.74,4.18
spire_mag_01923493,Bacteria,Firmicutes_A,Clostridia,Tissierellales,Peptoniphilaceae,Peptoniphilus_A,Peptoniphilus_A grossensis,d__Bacteria;p__Firmicutes_A;c__Clostridia;o__Tissierellales;f__Peptoniphilaceae;g__Peptoniphilus_A;s__Peptoniphilus_A grossensis,SAMEA3360688,61.93,0.52
spire_mag_01923495,Bacteria,Spirochaetota,Spirochaetia,Treponematales,Treponemataceae,Treponema_D,Treponema_D sp900541945,d__Bacteria;p__Spirochaetota;c__Spirochaetia;o__Treponematales;f__Treponemataceae;g__Treponema_D;s__Treponema_D sp900541945,SAMEA3360679,98.89,1.82
spire_mag_01923497,Bacteria,Proteobacteria,Gammaproteobacteria,Enterobacterales,Succinivibrionaceae,WG-1,WG-1 sp900539665,d__Bacteria;p__Proteobacteria;c__Gammaproteobacteria;o__Enterobacterales;f__Succinivibrionaceae;g__WG-1;s__WG-1 sp900539665,SAMEA3360679,63.23,0.57
spire_mag_01923498,Bacteria,Bacteroidota,Bacteroidia,Bacteroidales,Bacteroidaceae,Prevotella,Prevotella sp000434975,d__Bacteria;p__Bacteroidota;c__Bacteroidia;o__Bacteroidales;f__Bacteroidaceae;g__Prevotella;s__Prevotella sp000434975,SAMEA3360679,93.07,0.3
spire_mag_01923503,Bacteria,Bacteroidota,Bacteroidia,Bacteroidales,Bacteroidaceae,Prevotella,Prevotella sp900551275,d__Bacteria;p__Bacteroidota;c__Bacteroidia;o__Bacteroidales;f__Bacteroidaceae;g__Prevotella;s__Prevotella sp900551275,SAMEA3360679,50.94,0.11
spire_mag_01923506,Bacteria,Campylobacterota,Campylobacteria,Campylobacterales,Campylobacteraceae,Campylobacter_B,Campylobacter_B hominis,d__Bacteria;p__Campylobacterota;c__Campylobacteria;o__Campylobacterales;f__Campylobacteraceae;g__Campylobacter_B;s__Campylobacter_B hominis,SAMEA3360697,84.9,0.03
spire_mag_01923512,Bacteria,Firmicutes_A,Clostridia,Tissierellales,Peptoniphilaceae,Fenollaria,Fenollaria sp900539225,d__Bacteria;p__Firmicutes_A;c__Clostridia;o__Tissierellales;f__Peptoniphilaceae;g__Fenollaria;s__Fenollaria sp900539225,SAMEA3360662,99.9,0.1
spire_mag_01923514,Bacteria,Bacteroidota,Bacteroidia,Bacteroidales,Bacteroidaceae,Prevotella,Prevotella sp900313215,d__Bacteria;p__Bacteroidota;c__Bacteroidia;o__Bacteroidales;f__Bacteroidaceae;g__Prevotella;s__Prevotella sp900313215,SAMEA3360662,88.76,1.91
spire_mag_01923516,Bacteria,Firmicutes_A,Clostridia,Tissierellales,Peptoniphilaceae,Peptoniphilus_A,Peptoniphilus_A harei,d__Bacteria;p__Firmicutes_A;c__Clostridia;o__Tissierellales;f__Peptoniphilaceae;g__Peptoniphilus_A;s__Peptoniphilus_A harei,SAMEA3360662,82.72,0.09
spire_mag_01923519,Bacteria,Actinobacteriota,Actinomycetia,Actinomycetales,Actinomycetaceae,Mobiluncus,,d__Bacteria;p__Actinobacteriota;c__Actinomycetia;o__Actinomycetales;f__Actinomycetaceae;g__Mobiluncus;s__,SAMEA3360662,75.35,1.27
spire_mag_01923520,Bacteria,Firmicutes_A,Clostridia,Tissierellales,Peptoniphilaceae,Levyella,Levyella massiliensis,d__Bacteria;p__Firmicutes_A;c__Clostridia;o__Tissierellales;f__Peptoniphilaceae;g__Levyella;s__Levyella massiliensis,SAMEA3360662,76.76,0.49
spire_mag_01923523,Bacteria,Bacteroidota,Bacteroidia,Bacteroidales,Bacteroidaceae,Prevotella,Prevotella corporis,d__Bacteria;p__Bacteroidota;c__Bacteroidia;o__Bacteroidales;f__Bacteroidaceae;g__Prevotella;s__Prevotella corporis,SAMEA3360662,52.89,0.0
spire_mag_01923525,Bacteria,Firmicutes_A,Clostridia,Tissierellales,Peptoniphilaceae,Ezakiella,Ezakiella coagulans,d__Bacteria;p__Firmicutes_A;c__Clostridia;o__Tissierellales;f__Peptoniphilaceae;g__Ezakiella;s__Ezakiella coagulans,SAMEA3360662,59.06,0.14
spire_mag_01923527,Bacteria,Bacteroidota,Bacteroidia,Bacteroidales,Porphyromonadaceae,Porphyromonas_A,Porphyromonas_A bennonis,d__Bacteria;p__Bacteroidota;c__Bacteroidia;o__Bacteroidales;f__Porphyromonadaceae;g__Porphyromonas_A;s__Porphyromonas_A bennonis,SAMEA3360662,75.01,0.91
spire_mag_01923530,Bacteria,Bacteroidota,Bacteroidia,Bacteroidales,Bacteroidaceae,Prevotella,Prevotella sp900313215,d__Bacteria;p__Bacteroidota;c__Bacteroidia;o__Bacteroidales;f__Bacteroidaceae;g__Prevotella;s__Prevotella sp900313215,SAMEA3360680,71.9,2.44
spire_mag_01923532,Bacteria,Proteobacteria,Gammaproteobacteria,Enterobacterales,Succinivibrionaceae,Succinivibrio,Succinivibrio sp000431835,d__Bacteria;p__Proteobacteria;c__Gammaproteobacteria;o__Enterobacterales;f__Succinivibrionaceae;g__Succinivibrio;s__Succinivibrio sp000431835,SAMEA3360680,97.35,0.13
spire_mag_01923534,Bacteria,Bacteroidota,Bacteroidia,Bacteroidales,Bacteroidaceae,Prevotella,Prevotella sp002299635,d__Bacteria;p__Bacteroidota;c__Bacteroidia;o__Bacteroidales;f__Bacteroidaceae;g__Prevotella;s__Prevotella sp002299635,SAMEA3360680,88.27,0.75
spire_mag_01923538,Bacteria,Bacteroidota,Bacteroidia,Bacteroidales,Bacteroidaceae,Alloprevotella,Alloprevotella timonensis,d__Bacteria;p__Bacteroidota;c__Bacteroidia;o__Bacteroidales;f__Bacteroidaceae;g__Alloprevotella;s__Alloprevotella timonensis,SAMEA3360680,67.38,0.15
spire_mag_01923542,Bacteria,Bacteroidota,Bacteroidia,Bacteroidales,Porphyromonadaceae,Porphyromonas,Porphyromonas sp900548415,d__Bacteria;p__Bacteroidota;c__Bacteroidia;o__Bacteroidales;f__Porphyromonadaceae;g__Porphyromonas;s__Porphyromonas sp900548415,SAMEA3360668,74.22,4.02
spire_mag_01923543,Bacteria,Proteobacteria,Gammaproteobacteria,Enterobacterales,Succinivibrionaceae,Succinivibrio,Succinivibrio sp000431835,d__Bacteria;p__Proteobacteria;c__Gammaproteobacteria;o__Enterobacterales;f__Succinivibrionaceae;g__Succinivibrio;s__Succinivibrio sp000431835,SAMEA3360668,83.01,0.28
spire_mag_01923549,Bacteria,Proteobacteria,Gammaproteobacteria,Enterobacterales,Enterobacteriaceae,Escherichia,Escherichia coli,d__Bacteria;p__Proteobacteria;c__Gammaproteobacteria;o__Enterobacterales;f__Enterobacteriaceae;g__Escherichia;s__Escherichia coli,SAMEA3360668,89.08,0.07
spire_mag_01923551,Bacteria,Firmicutes,Bacilli,Lactobacillales,Streptococcaceae,Streptococcus,Streptococcus infantarius,d__Bacteria;p__Firmicutes;c__Bacilli;o__Lactobacillales;f__Streptococcaceae;g__Streptococcus;s__Streptococcus infantarius,SAMEA3360668,60.41,0.57
spire_mag_01923553,Bacteria,Firmicutes_A,Clostridia,Tissierellales,Peptoniphilaceae,Fenollaria,Fenollaria sp900539725,d__Bacteria;p__Firmicutes_A;c__Clostridia;o__Tissierellales;f__Peptoniphilaceae;g__Fenollaria;s__Fenollaria sp900539725,SAMEA3360668,81.42,0.09
spire_mag_01923555,Bacteria,Campylobacterota,Campylobacteria,Campylobacterales,Campylobacteraceae,Campylobacter_B,Campylobacter_B hominis,d__Bacteria;p__Campylobacterota;c__Campylobacteria;o__Campylobacterales;f__Campylobacteraceae;g__Campylobacter_B;s__Campylobacter_B hominis,SAMEA3360668,99.98,0.01
spire_mag_01923558,Bacteria,Bacteroidota,Bacteroidia,Bacteroidales,Bacteroidaceae,Prevotella,Prevotella corporis,d__Bacteria;p__Bacteroidota;c__Bacteroidia;o__Bacteroidales;f__Bacteroidaceae;g__Prevotella;s__Prevotella corporis,SAMEA3360668,57.6,0.02
spire_mag_01923560,Bacteria,Bacteroidota,Bacteroidia,Bacteroidales,Bacteroidaceae,Alloprevotella,Alloprevotella sp900540885,d__Bacteria;p__Bacteroidota;c__Bacteroidia;o__Bacteroidales;f__Bacteroidaceae;g__Alloprevotella;s__Alloprevotella sp900540885,SAMEA3360668,74.0,0.02
spire_mag_01923562,Bacteria,Bacteroidota,Bacteroidia,Bacteroidales,Porphyromonadaceae,Porphyromonas_A,Porphyromonas_A sp900541275,d__Bacteria;p__Bacteroidota;c__Bacteroidia;o__Bacteroidales;f__Porphyromonadaceae;g__Porphyromonas_A;s__Porphyromonas_A sp900541275,SAMEA3360668,99.31,0.27
spire_mag_01923563,Bacteria,Firmicutes_A,Clostridia,Tissierellales,Peptoniphilaceae,Ezakiella,Ezakiella sp900540185,d__Bacteria;p__Firmicutes_A;c__Clostridia;o__Tissierellales;f__Peptoniphilaceae;g__Ezakiella;s__Ezakiella sp900540185,SAMEA3360668,59.28,0.04
spire_mag_01923565,Bacteria,Bacteroidota,Bacteroidia,Bacteroidales,Bacteroidaceae,Prevotella,Prevotella sp002299635,d__Bacteria;p__Bacteroidota;c__Bacteroidia;o__Bacteroidales;f__Bacteroidaceae;g__Prevotella;s__Prevotella sp002299635,SAMEA3360668,93.95,0.19
spire_mag_01923571,Bacteria,Firmicutes_A,Clostridia,Tissierellales,Peptoniphilaceae,Fenollaria,Fenollaria sp900539225,d__Bacteria;p__Firmicutes_A;c__Clostridia;o__Tissierellales;f__Peptoniphilaceae;g__Fenollaria;s__Fenollaria sp900539225,SAMEA3360686,99.91,0.1
spire_mag_01923572,Bacteria,Proteobacteria,Gammaproteobacteria,Enterobacterales,Vibrionaceae,Vibrio,Vibrio cholerae,d__Bacteria;p__Proteobacteria;c__Gammaproteobacteria;o__Enterobacterales;f__Vibrionaceae;g__Vibrio;s__Vibrio cholerae,SAMEA3360677,85.63,1.25
spire_mag_01923576,Bacteria,Bacteroidota,Bacteroidia,Bacteroidales,Porphyromonadaceae,Porphyromonas_A,Porphyromonas_A bennonis,d__Bacteria;p__Bacteroidota;c__Bacteroidia;o__Bacteroidales;f__Porphyromonadaceae;g__Porphyromonas_A;s__Porphyromonas_A bennonis,SAMEA3360695,99.64,0.03
spire_mag_01923578,Bacteria,Campylobacterota,Campylobacteria,Campylobacterales,Campylobacteraceae,Campylobacter,Campylobacter infans,d__Bacteria;p__Campylobacterota;c__Campylobacteria;o__Campylobacterales;f__Campylobacteraceae;g__Campylobacter;s__Campylobacter infans,SAMEA3360660,99.69,0.02
spire_mag_01923579,Bacteria,Campylobacterota,Campylobacteria,Campylobacterales,Campylobacteraceae,Campylobacter_D,Campylobacter_D jejuni,d__Bacteria;p__Campylobacterota;c__Campylobacteria;o__Campylobacterales;f__Campylobacteraceae;g__Campylobacter_D;s__Campylobacter_D jejuni,SAMEA3360660,99.45,0.01
spire_mag_01923580,Bacteria,Proteobacteria,Gammaproteobacteria,Enterobacterales,Enterobacteriaceae,Escherichia,Escherichia coli,d__Bacteria;p__Proteobacteria;c__Gammaproteobacteria;o__Enterobacterales;f__Enterobacteriaceae;g__Escherichia;s__Escherichia coli,SAMEA3360660,70.09,0.63
spire_mag_01923581,Bacteria,Campylobacterota,Campylobacteria,Campylobacterales,Campylobacteraceae,Campylobacter_D,Campylobacter_D sp900539255,d__Bacteria;p__Campylobacterota;c__Campylobacteria;o__Campylobacterales;f__Campylobacteraceae;g__Campylobacter_D;s__Campylobacter_D sp900539255,SAMEA3360660,99.26,0.04
spire_mag_01923583,Bacteria,Bacteroidota,Bacteroidia,Bacteroidales,Bacteroidaceae,Prevotella,Prevotella sp002265625,d__Bacteria;p__Bacteroidota;c__Bacteroidia;o__Bacteroidales;f__Bacteroidaceae;g__Prevotella;s__Prevotella sp002265625,SAMEA3360705,55.67,1.65
spire_mag_01923588,Bacteria,Bacteroidota,Bacteroidia,Bacteroidales,Bacteroidaceae,Bacteroides,Bacteroides fragilis,d__Bacteria;p__Bacteroidota;c__Bacteroidia;o__Bacteroidales;f__Bacteroidaceae;g__Bacteroides;s__Bacteroides fragilis,SAMEA3360664,51.91,0.39
spire_mag_01923589,Bacteria,Proteobacteria,Gammaproteobacteria,Enterobacterales,Enterobacteriaceae,Escherichia,Escherichia coli,d__Bacteria;p__Proteobacteria;c__Gammaproteobacteria;o__Enterobacterales;f__Enterobacteriaceae;g__Escherichia;s__Escherichia coli,SAMEA3360664,87.94,0.08
spire_mag_01923591,Bacteria,Bacteroidota,Bacteroidia,Bacteroidales,Bacteroidaceae,Phocaeicola,Phocaeicola vulgatus,d__Bacteria;p__Bacteroidota;c__Bacteroidia;o__Bacteroidales;f__Bacteroidaceae;g__Phocaeicola;s__Phocaeicola vulgatus,SAMEA3360664,98.99,0.26
spire_mag_01923596,Bacteria,Firmicutes_A,Clostridia,Tissierellales,Peptoniphilaceae,Peptoniphilus_A,Peptoniphilus_A grossensis,d__Bacteria;p__Firmicutes_A;c__Clostridia;o__Tissierellales;f__Peptoniphilaceae;g__Peptoniphilus_A;s__Peptoniphilus_A grossensis,SAMEA3360664,99.63,0.42
spire_mag_01923598,Bacteria,Proteobacteria,Gammaproteobacteria,Enterobacterales,Vibrionaceae,Vibrio,Vibrio cholerae,d__Bacteria;p__Proteobacteria;c__Gammaproteobacteria;o__Enterobacterales;f__Vibrionaceae;g__Vibrio;s__Vibrio cholerae,SAMEA3360673,95.42,0.0
spire_mag_01923599,Bacteria,Campylobacterota,Campylobacteria,Campylobacterales,Campylobacteraceae,Campylobacter_D,Campylobacter_D sp900539255,d__Bacteria;p__Campylobacterota;c__Campylobacteria;o__Campylobacterales;f__Campylobacteraceae;g__Campylobacter_D;s__Campylobacter_D sp900539255,SAMEA3360673,96.26,0.07
spire_mag_01923604,Bacteria,Firmicutes_A,Clostridia,Tissierellales,Peptoniphilaceae,Anaerococcus,Anaerococcus vaginalis,d__Bacteria;p__Firmicutes_A;c__Clostridia;o__Tissierellales;f__Peptoniphilaceae;g__Anaerococcus;s__Anaerococcus vaginalis,SAMEA3360667,89.92,0.41
spire_mag_01923605,Bacteria,Firmicutes_A,Clostridia,Tissierellales,Peptoniphilaceae,Anaerococcus,Anaerococcus sp900551095,d__Bacteria;p__Firmicutes_A;c__Clostridia;o__Tissierellales;f__Peptoniphilaceae;g__Anaerococcus;s__Anaerococcus sp900551095,SAMEA3360667,83.34,6.9
spire_mag_01923607,Bacteria,Actinobacteriota,Actinomycetia,Mycobacteriales,Mycobacteriaceae,Corynebacterium,Corynebacterium glucuronolyticum,d__Bacteria;p__Actinobacteriota;c__Actinomycetia;o__Mycobacteriales;f__Mycobacteriaceae;g__Corynebacterium;s__Corynebacterium glucuronolyticum,SAMEA3360667,95.2,1.98
spire_mag_01923608,Bacteria,Bacteroidota,Bacteroidia,Bacteroidales,Bacteroidaceae,Bacteroides,Bacteroides uniformis,d__Bacteria;p__Bacteroidota;c__Bacteroidia;o__Bacteroidales;f__Bacteroidaceae;g__Bacteroides;s__Bacteroides uniformis,SAMEA3360667,85.83,0.04
spire_mag_01923609,Bacteria,Actinobacteriota,Actinomycetia,Actinomycetales,Actinomycetaceae,Pauljensenia,Pauljensenia radingae_A,d__Bacteria;p__Actinobacteriota;c__Actinomycetia;o__Actinomycetales;f__Actinomycetaceae;g__Pauljensenia;s__Pauljensenia radingae_A,SAMEA3360667,64.92,0.01
spire_mag_01923610,Bacteria,Firmicutes_A,Clostridia,Tissierellales,Peptoniphilaceae,Finegoldia,Finegoldia magna,d__Bacteria;p__Firmicutes_A;c__Clostridia;o__Tissierellales;f__Peptoniphilaceae;g__Finegoldia;s__Finegoldia magna,SAMEA3360667,86.99,0.15
spire_mag_01923613,Bacteria,Bacteroidota,Bacteroidia,Bacteroidales,Bacteroidaceae,Bacteroides,Bacteroides fragilis,d__Bacteria;p__Bacteroidota;c__Bacteroidia;o__Bacteroidales;f__Bacteroidaceae;g__Bacteroides;s__Bacteroides fragilis,SAMEA3360667,71.96,0.46
spire_mag_01923615,Bacteria,Spirochaetota,Brachyspirae,Brachyspirales,Brachyspiraceae,Brachyspira,Brachyspira pilosicoli,d__Bacteria;p__Spirochaetota;c__Brachyspirae;o__Brachyspirales;f__Brachyspiraceae;g__Brachyspira;s__Brachyspira pilosicoli,SAMEA3360676,85.84,0.55
spire_mag_01923616,Bacteria,Proteobacteria,Gammaproteobacteria,Enterobacterales,Vibrionaceae,Vibrio,Vibrio cholerae,d__Bacteria;p__Proteobacteria;c__Gammaproteobacteria;o__Enterobacterales;f__Vibrionaceae;g__Vibrio;s__Vibrio cholerae,SAMEA3360676,89.93,0.01
spire_mag_01923619,Bacteria,Proteobacteria,Gammaproteobacteria,Enterobacterales,Enterobacteriaceae,Escherichia,Escherichia coli,d__Bacteria;p__Proteobacteria;c__Gammaproteobacteria;o__Enterobacterales;f__Enterobacteriaceae;g__Escherichia;s__Escherichia coli,SAMEA3360676,97.38,0.18
spire_mag_01923620,Bacteria,Campylobacterota,Campylobacteria,Campylobacterales,Campylobacteraceae,Campylobacter_D,Campylobacter_D sp900772495,d__Bacteria;p__Campylobacterota;c__Campylobacteria;o__Campylobacterales;f__Campylobacteraceae;g__Campylobacter_D;s__Campylobacter_D sp900772495,SAMEA3360676,52.76,0.77
spire_mag_01923622,Bacteria,Firmicutes_A,Clostridia,Oscillospirales,Ruminococcaceae,Faecalibacterium,Faecalibacterium prausnitzii_G,d__Bacteria;p__Firmicutes_A;c__Clostridia;o__Oscillospirales;f__Ruminococcaceae;g__Faecalibacterium;s__Faecalibacterium prausnitzii_G,SAMEA3360658,78.87,0.44
spire_mag_01923624,Bacteria,Bacteroidota,Bacteroidia,Bacteroidales,Bacteroidaceae,Phocaeicola,Phocaeicola vulgatus,d__Bacteria;p__Bacteroidota;c__Bacteroidia;o__Bacteroidales;f__Bacteroidaceae;g__Phocaeicola;s__Phocaeicola vulgatus,SAMEA3360658,95.0,4.73
spire_mag_01923625,Bacteria,Bacteroidota,Bacteroidia,Bacteroidales,Bacteroidaceae,Bacteroides,Bacteroides stercoris,d__Bacteria;p__Bacteroidota;c__Bacteroidia;o__Bacteroidales;f__Bacteroidaceae;g__Bacteroides;s__Bacteroides stercoris,SAMEA3360658,85.86,0.11
spire_mag_01923627,Bacteria,Firmicutes_C,Negativicutes,Veillonellales,Veillonellaceae,Veillonella,Veillonella rogosae,d__Bacteria;p__Firmicutes_C;c__Negativicutes;o__Veillonellales;f__Veillonellaceae;g__Veillonella;s__Veillonella rogosae,SAMEA3360658,99.29,0.12
spire_mag_01923628,Bacteria,Firmicutes_A,Clostridia,Oscillospirales,Ruminococcaceae,Faecalibacterium,Faecalibacterium prausnitzii_A,d__Bacteria;p__Firmicutes_A;c__Clostridia;o__Oscillospirales;f__Ruminococcaceae;g__Faecalibacterium;s__Faecalibacterium prausnitzii_A,SAMEA3360658,85.7,0.08
spire_mag_01923629,Bacteria,Firmicutes_A,Clostridia,Lachnospirales,Lachnospiraceae,Fusicatenibacter,Fusicatenibacter saccharivorans,d__Bacteria;p__Firmicutes_A;c__Clostridia;o__Lachnospirales;f__Lachnospiraceae;g__Fusicatenibacter;s__Fusicatenibacter saccharivorans,SAMEA3360658,85.81,0.19
spire_mag_01923630,Bacteria,Proteobacteria,Gammaproteobacteria,Burkholderiales,Burkholderiaceae,Sutterella,Sutterella wadsworthensis,d__Bacteria;p__Proteobacteria;c__Gammaproteobacteria;o__Burkholderiales;f__Burkholderiaceae;g__Sutterella;s__Sutterella wadsworthensis,SAMEA3360658,95.63,1.55
spire_mag_01923632,Bacteria,Firmicutes_A,Clostridia,Lachnospirales,Anaerotignaceae,Anaerotignum,Anaerotignum faecicola,d__Bacteria;p__Firmicutes_A;c__Clostridia;o__Lachnospirales;f__Anaerotignaceae;g__Anaerotignum;s__Anaerotignum faecicola,SAMEA3360658,85.33,0.1
spire_mag_01923634,Bacteria,Bacteroidota,Bacteroidia,Bacteroidales,Bacteroidaceae,Bacteroides,Bacteroides fragilis,d__Bacteria;p__Bacteroidota;c__Bacteroidia;o__Bacteroidales;f__Bacteroidaceae;g__Bacteroides;s__Bacteroides fragilis,SAMEA3360658,94.67,0.06
spire_mag_01923636,Bacteria,Proteobacteria,Gammaproteobacteria,Enterobacterales,Enterobacteriaceae,Escherichia,Escherichia coli,d__Bacteria;p__Proteobacteria;c__Gammaproteobacteria;o__Enterobacterales;f__Enterobacteriaceae;g__Escherichia;s__Escherichia coli,SAMEA3360658,100.0,0.04
spire_mag_01923637,Bacteria,Proteobacteria,Gammaproteobacteria,Enterobacterales,Enterobacteriaceae,Escherichia,Escherichia coli,d__Bacteria;p__Proteobacteria;c__Gammaproteobacteria;o__Enterobacterales;f__Enterobacteriaceae;g__Escherichia;s__Escherichia coli,SAMEA3360694,84.16,2.29
spire_mag_01923638,Bacteria,Firmicutes_C,Negativicutes,Veillonellales,Veillonellaceae,Veillonella,Veillonella atypica,d__Bacteria;p__Firmicutes_C;c__Negativicutes;o__Veillonellales;f__Veillonellaceae;g__Veillonella;s__Veillonella atypica,SAMEA3360694,90.42,5.76
spire_mag_01923641,Bacteria,Firmicutes_C,Negativicutes,Veillonellales,Veillonellaceae,Veillonella,,d__Bacteria;p__Firmicutes_C;c__Negativicutes;o__Veillonellales;f__Veillonellaceae;g__Veillonella;s__,SAMEA3360694,57.9,2.76
spire_mag_01923648,Bacteria,Bacteroidota,Bacteroidia,Bacteroidales,Bacteroidaceae,Prevotella,Prevotella sp015074785,d__Bacteria;p__Bacteroidota;c__Bacteroidia;o__Bacteroidales;f__Bacteroidaceae;g__Prevotella;s__Prevotella sp015074785,SAMEA3360704,88.14,0.51
spire_mag_01923649,Bacteria,Bacteroidota,Bacteroidia,Bacteroidales,Bacteroidaceae,Prevotella,Prevotella sp002299635,d__Bacteria;p__Bacteroidota;c__Bacteroidia;o__Bacteroidales;f__Bacteroidaceae;g__Prevotella;s__Prevotella sp002299635,SAMEA3360704,59.5,1.35
spire_mag_01923650,Bacteria,Campylobacterota,Campylobacteria,Campylobacterales,Campylobacteraceae,Campylobacter_B,Campylobacter_B hominis,d__Bacteria;p__Campylobacterota;c__Campylobacteria;o__Campylobacterales;f__Campylobacteraceae;g__Campylobacter_B;s__Campylobacter_B hominis,SAMEA3360704,57.79,0.3
spire_mag_01923654,Bacteria,Firmicutes,Bacilli,Lactobacillales,Streptococcaceae,Streptococcus,Streptococcus lutetiensis,d__Bacteria;p__Firmicutes;c__Bacilli;o__Lactobacillales;f__Streptococcaceae;g__Streptococcus;s__Streptococcus lutetiensis,SAMEA3360700,91.23,0.14
spire_mag_01923665,Bacteria,Firmicutes_A,Clostridia,Lachnospirales,Lachnospiraceae,Roseburia,Roseburia inulinivorans,d__Bacteria;p__Firmicutes_A;c__Clostridia;o__Lachnospirales;f__Lachnospiraceae;g__Roseburia;s__Roseburia inulinivorans,SAMEA3360689,99.88,0.83
spire_mag_01923670,Bacteria,Bacteroidota,Bacteroidia,Bacteroidales,Bacteroidaceae,Alloprevotella,Alloprevotella sp900540885,d__Bacteria;p__Bacteroidota;c__Bacteroidia;o__Bacteroidales;f__Bacteroidaceae;g__Alloprevotella;s__Alloprevotella sp900540885,SAMEA3360689,52.78,0.84
spire_mag_01923675,Bacteria,Bacteroidota,Bacteroidia,Bacteroidales,Bacteroidaceae,Prevotella,Prevotella stercorea,d__Bacteria;p__Bacteroidota;c__Bacteroidia;o__Bacteroidales;f__Bacteroidaceae;g__Prevotella;s__Prevotella stercorea,SAMEA3360689,85.7,1.54
spire_mag_01923677,Bacteria,Firmicutes,Bacilli,Lactobacillales,Streptococcaceae,Streptococcus,Streptococcus pasteurianus,d__Bacteria;p__Firmicutes;c__Bacilli;o__Lactobacillales;f__Streptococcaceae;g__Streptococcus;s__Streptococcus pasteurianus,SAMEA3360663,61.97,3.02
spire_mag_01923679,Bacteria,Proteobacteria,Gammaproteobacteria,Enterobacterales,Enterobacteriaceae,Escherichia,Escherichia coli,d__Bacteria;p__Proteobacteria;c__Gammaproteobacteria;o__Enterobacterales;f__Enterobacteriaceae;g__Escherichia;s__Escherichia coli,SAMEA3360663,56.1,0.05
spire_mag_01923680,Bacteria,Proteobacteria,Gammaproteobacteria,Enterobacterales,Enterobacteriaceae,Klebsiella,Klebsiella pneumoniae,d__Bacteria;p__Proteobacteria;c__Gammaproteobacteria;o__Enterobacterales;f__Enterobacteriaceae;g__Klebsiella;s__Klebsiella pneumoniae,SAMEA3360663,72.96,0.66
spire_mag_01923683,Bacteria,Bacteroidota,Bacteroidia,Bacteroidales,Bacteroidaceae,Prevotella,Prevotella sp002265625,d__Bacteria;p__Bacteroidota;c__Bacteroidia;o__Bacteroidales;f__Bacteroidaceae;g__Prevotella;s__Prevotella sp002265625,SAMEA3360681,90.95,0.31
spire_mag_01923684,Bacteria,Bacteroidota,Bacteroidia,Bacteroidales,Bacteroidaceae,Alloprevotella,Alloprevotella timonensis,d__Bacteria;p__Bacteroidota;c__Bacteroidia;o__Bacteroidales;f__Bacteroidaceae;g__Alloprevotella;s__Alloprevotella timonensis,SAMEA3360681,85.65,0.45
spire_mag_01923688,Bacteria,Bacteroidota,Bacteroidia,Bacteroidales,Bacteroidaceae,Prevotella,Prevotella sp900290275,d__Bacteria;p__Bacteroidota;c__Bacteroidia;o__Bacteroidales;f__Bacteroidaceae;g__Prevotella;s__Prevotella sp900290275,SAMEA3360681,68.56,3.23
spire_mag_01923696,Bacteria,Bacteroidota,Bacteroidia,Bacteroidales,Bacteroidaceae,Prevotella,,d__Bacteria;p__Bacteroidota;c__Bacteroidia;o__Bacteroidales;f__Bacteroidaceae;g__Prevotella;s__,SAMEA3360687,70.67,5.45
spire_mag_01923699,Bacteria,Spirochaetota,Spirochaetia,Treponematales,Treponemataceae,Treponema_D,Treponema_D sp900541945,d__Bacteria;p__Spirochaetota;c__Spirochaetia;o__Treponematales;f__Treponemataceae;g__Treponema_D;s__Treponema_D sp900541945,SAMEA3360687,92.4,4.99
spire_mag_01923701,Bacteria,Bacteroidota,Bacteroidia,Bacteroidales,Porphyromonadaceae,Porphyromonas_A,Porphyromonas_A bennonis,d__Bacteria;p__Bacteroidota;c__Bacteroidia;o__Bacteroidales;f__Porphyromonadaceae;g__Porphyromonas_A;s__Porphyromonas_A bennonis,SAMEA3360696,86.16,0.63
spire_mag_01923702,Bacteria,Firmicutes_A,Clostridia,Tissierellales,Peptoniphilaceae,Peptoniphilus_A,Peptoniphilus_A grossensis,d__Bacteria;p__Firmicutes_A;c__Clostridia;o__Tissierellales;f__Peptoniphilaceae;g__Peptoniphilus_A;s__Peptoniphilus_A grossensis,SAMEA3360696,62.53,1.63
spire_mag_01923703,Bacteria,Firmicutes_A,Clostridia,Tissierellales,Peptoniphilaceae,Fenollaria,Fenollaria sp900539225,d__Bacteria;p__Firmicutes_A;c__Clostridia;o__Tissierellales;f__Peptoniphilaceae;g__Fenollaria;s__Fenollaria sp900539225,SAMEA3360696,99.89,0.14
spire_mag_01923705,Bacteria,Bacteroidota,Bacteroidia,Bacteroidales,Bacteroidaceae,Bacteroides,Bacteroides uniformis,d__Bacteria;p__Bacteroidota;c__Bacteroidia;o__Bacteroidales;f__Bacteroidaceae;g__Bacteroides;s__Bacteroides uniformis,SAMEA3360661,89.6,1.15
spire_mag_01923709,Bacteria,Bacteroidota,Bacteroidia,Bacteroidales,Bacteroidaceae,Alloprevotella,Alloprevotella timonensis,d__Bacteria;p__Bacteroidota;c__Bacteroidia;o__Bacteroidales;f__Bacteroidaceae;g__Alloprevotella;s__Alloprevotella timonensis,SAMEA3360661,67.79,0.04
spire_mag_01923711,Bacteria,Actinobacteriota,Actinomycetia,Actinomycetales,Bifidobacteriaceae,Bifidobacterium,Bifidobacterium sp002742445,d__Bacteria;p__Actinobacteriota;c__Actinomycetia;o__Actinomycetales;f__Bifidobacteriaceae;g__Bifidobacterium;s__Bifidobacterium sp002742445,SAMEA3360661,98.29,0.31
spire_mag_01923713,Bacteria,Firmicutes_A,Clostridia,Oscillospirales,Ruminococcaceae,Faecalibacterium,Faecalibacterium prausnitzii_G,d__Bacteria;p__Firmicutes_A;c__Clostridia;o__Oscillospirales;f__Ruminococcaceae;g__Faecalibacterium;s__Faecalibacterium prausnitzii_G,SAMEA3360661,83.92,0.69
spire_mag_01923714,Bacteria,Bacteroidota,Bacteroidia,Bacteroidales,Bacteroidaceae,Prevotella,Prevotella stercorea,d__Bacteria;p__Bacteroidota;c__Bacteroidia;o__Bacteroidales;f__Bacteroidaceae;g__Prevotella;s__Prevotella stercorea,SAMEA3360661,86.1,0.01
spire_mag_01923715,Bacteria,Bacteroidota,Bacteroidia,Bacteroidales,Bacteroidaceae,Prevotella,Prevotella sp000436915,d__Bacteria;p__Bacteroidota;c__Bacteroidia;o__Bacteroidales;f__Bacteroidaceae;g__Prevotella;s__Prevotella sp000436915,SAMEA3360661,59.69,0.08
spire_mag_01923718,Bacteria,Campylobacterota,Campylobacteria,Campylobacterales,Campylobacteraceae,Campylobacter,Campylobacter infans,d__Bacteria;p__Campylobacterota;c__Campylobacteria;o__Campylobacterales;f__Campylobacteraceae;g__Campylobacter;s__Campylobacter infans,SAMEA3360661,99.68,0.04
spire_mag_01923721,Bacteria,Bacteroidota,Bacteroidia,Bacteroidales,Bacteroidaceae,Alloprevotella,Alloprevotella sp900539625,d__Bacteria;p__Bacteroidota;c__Bacteroidia;o__Bacteroidales;f__Bacteroidaceae;g__Alloprevotella;s__Alloprevotella sp900539625,SAMEA3360670,91.35,1.94
spire_mag_01923724,Bacteria,Bacteroidota,Bacteroidia,Bacteroidales,Bacteroidaceae,Alloprevotella,Alloprevotella sp900540885,d__Bacteria;p__Bacteroidota;c__Bacteroidia;o__Bacteroidales;f__Bacteroidaceae;g__Alloprevotella;s__Alloprevotella sp900540885,SAMEA3360670,64.94,1.6
spire_mag_01923727,Bacteria,Proteobacteria,Gammaproteobacteria,Enterobacterales,Vibrionaceae,Vibrio,Vibrio cholerae,d__Bacteria;p__Proteobacteria;c__Gammaproteobacteria;o__Enterobacterales;f__Vibrionaceae;g__Vibrio;s__Vibrio cholerae,SAMEA3360670,76.15,0.05
spire_mag_01923728,Bacteria,Bacteroidota,Bacteroidia,Bacteroidales,Bacteroidaceae,Bacteroides,Bacteroides zhangwenhongi,d__Bacteria;p__Bacteroidota;c__Bacteroidia;o__Bacteroidales;f__Bacteroidaceae;g__Bacteroides;s__Bacteroides zhangwenhongi,SAMEA3360702,70.23,1.4
spire_mag_01923729,Bacteria,Firmicutes_A,Clostridia,Tissierellales,Peptoniphilaceae,Anaerococcus,,d__Bacteria;p__Firmicutes_A;c__Clostridia;o__Tissierellales;f__Peptoniphilaceae;g__Anaerococcus;s__,SAMEA3360665,55.53,0.05
spire_mag_01923730,Bacteria,Firmicutes_C,Negativicutes,Acidaminococcales,Acidaminococcaceae,Acidaminococcus,Acidaminococcus intestini,d__Bacteria;p__Firmicutes_C;c__Negativicutes;o__Acidaminococcales;f__Acidaminococcaceae;g__Acidaminococcus;s__Acidaminococcus intestini,SAMEA3360665,83.63,1.49
spire_mag_01923731,Bacteria,Actinobacteriota,Actinomycetia,Actinomycetales,Bifidobacteriaceae,Bifidobacterium,Bifidobacterium breve,d__Bacteria;p__Actinobacteriota;c__Actinomycetia;o__Actinomycetales;f__Bifidobacteriaceae;g__Bifidobacterium;s__Bifidobacterium breve,SAMEA3360665,55.65,1.37
spire_mag_01923733,Bacteria,Bacteroidota,Bacteroidia,Bacteroidales,Bacteroidaceae,Bacteroides,Bacteroides fragilis,d__Bacteria;p__Bacteroidota;c__Bacteroidia;o__Bacteroidales;f__Bacteroidaceae;g__Bacteroides;s__Bacteroides fragilis,SAMEA3360665,75.34,0.6
spire_mag_01923734,Bacteria,Firmicutes_C,Negativicutes,Veillonellales,Dialisteraceae,Dialister,Dialister sp900541485,d__Bacteria;p__Firmicutes_C;c__Negativicutes;o__Veillonellales;f__Dialisteraceae;g__Dialister;s__Dialister sp900541485,SAMEA3360665,59.27,0.67
spire_mag_01923735,Bacteria,Firmicutes_A,Clostridia,Tissierellales,Peptoniphilaceae,Peptoniphilus_A,Peptoniphilus_A grossensis,d__Bacteria;p__Firmicutes_A;c__Clostridia;o__Tissierellales;f__Peptoniphilaceae;g__Peptoniphilus_A;s__Peptoniphilus_A grossensis,SAMEA3360665,56.56,0.48
spire_mag_01923740,Bacteria,Actinobacteriota,Actinomycetia,Actinomycetales,Actinomycetaceae,Varibaculum,Varibaculum cambriense_A,d__Bacteria;p__Actinobacteriota;c__Actinomycetia;o__Actinomycetales;f__Actinomycetaceae;g__Varibaculum;s__Varibaculum cambriense_A,SAMEA3360665,99.59,0.8
spire_mag_01923741,Bacteria,Firmicutes_C,Negativicutes,Veillonellales,Negativicoccaceae,Negativicoccus,Negativicoccus succinicivorans,d__Bacteria;p__Firmicutes_C;c__Negativicutes;o__Veillonellales;f__Negativicoccaceae;g__Negativicoccus;s__Negativicoccus succinicivorans,SAMEA3360665,63.05,0.02
spire_mag_01923742,Bacteria,Bacteroidota,Bacteroidia,Bacteroidales,Bacteroidaceae,Prevotella,,d__Bacteria;p__Bacteroidota;c__Bacteroidia;o__Bacteroidales;f__Bacteroidaceae;g__Prevotella;s__,SAMEA3360665,99.98,0.0
spire_mag_01923743,Bacteria,Bacteroidota,Bacteroidia,Bacteroidales,Porphyromonadaceae,Porphyromonas,Porphyromonas sp900539155,d__Bacteria;p__Bacteroidota;c__Bacteroidia;o__Bacteroidales;f__Porphyromonadaceae;g__Porphyromonas;s__Porphyromonas sp900539155,SAMEA3360665,98.23,0.04
spire_mag_01923746,Bacteria,Firmicutes_A,Clostridia,Tissierellales,Peptoniphilaceae,Anaerococcus,Anaerococcus vaginalis_C,d__Bacteria;p__Firmicutes_A;c__Clostridia;o__Tissierellales;f__Peptoniphilaceae;g__Anaerococcus;s__Anaerococcus vaginalis_C,SAMEA3360665,88.0,0.55
spire_mag_01923748,Bacteria,Firmicutes_A,Clostridia,Tissierellales,Peptoniphilaceae,Anaerococcus,Anaerococcus octavius,d__Bacteria;p__Firmicutes_A;c__Clostridia;o__Tissierellales;f__Peptoniphilaceae;g__Anaerococcus;s__Anaerococcus octavius,SAMEA3360665,89.6,0.4
spire_mag_01923758,Bacteria,Proteobacteria,Gammaproteobacteria,Enterobacterales,Enterobacteriaceae,Escherichia,Escherichia coli,d__Bacteria;p__Proteobacteria;c__Gammaproteobacteria;o__Enterobacterales;f__Enterobacteriaceae;g__Escherichia;s__Escherichia coli,SAMEA3360674,83.89,1.79
spire_mag_01923759,Bacteria,Bacteroidota,Bacteroidia,Bacteroidales,Bacteroidaceae,Prevotella,Prevotella sp015074785,d__Bacteria;p__Bacteroidota;c__Bacteroidia;o__Bacteroidales;f__Bacteroidaceae;g__Prevotella;s__Prevotella sp015074785,SAMEA3360692,68.19,1.6
